,time,PLUS_DI,MINUS_DI,ADX
0,2022-10-28 19:00,20.4012,9.7543,
1,2022-10-28 20:00,21.2514,9.4741,
2,2022-10-31 05:00,24.0331,8.794,
3,2022-10-31 06:00,21.6859,14.9111,
4,2022-10-31 07:00,20.1706,13.8691,
5,2022-10-31 08:00,25.3809,12.0549,
6,2022-10-31 09:00,22.2881,12.8746,
7,2022-10-31 10:00,37.842,9.9564,
8,2022-10-31 11:00,32.1368,16.9357,
9,2022-10-31 12:00,30.0055,15.8125,
10,2022-10-31 13:00,29.6277,14.6192,
11,2022-10-31 14:00,28.1955,13.9125,
12,2022-10-31 15:00,26.9336,14.2844,
13,2022-10-31 16:00,25.3073,15.4346,
14,2022-10-31 17:00,24.7704,15.1072,33.04
15,2022-10-31 18:00,23.6879,16.632,32.25
16,2022-10-31 19:00,22.8804,18.3378,30.76
17,2022-10-31 20:00,22.9793,17.482,28.23
18,2022-11-01 05:00,29.4733,15.0274,27.88
19,2022-11-01 06:00,28.163,14.3593,28.87
20,2022-11-01 07:00,28.3422,13.8616,28.65
21,2022-11-01 08:00,26.9984,15.575,29.19
22,2022-11-01 09:00,27.3198,14.4928,26.94
23,2022-11-01 10:00,24.7492,15.4467,26.92
24,2022-11-01 11:00,22.5027,19.7178,26.36
25,2022-11-01 12:00,20.4988,23.5276,24.4
26,2022-11-01 13:00,19.5609,23.5949,22.47
27,2022-11-01 14:00,18.008,25.1241,20.95
28,2022-11-01 15:00,16.5897,28.771,20.4
29,2022-11-01 16:00,17.927,27.1275,20.58
30,2022-11-01 17:00,18.771,24.9764,20.79
31,2022-11-01 18:00,18.3239,24.3815,21.02
32,2022-11-01 19:00,18.88,23.4782,21.06
33,2022-11-01 20:00,18.1556,22.5774,19.52
34,2022-11-02 05:00,24.0964,20.5921,17.97
35,2022-11-02 06:00,22.8594,19.535,16.08
36,2022-11-02 07:00,23.5894,19.0095,14.73
37,2022-11-02 08:00,21.7033,24.1525,13.3
38,2022-11-02 09:00,19.9827,23.5591,12.03
39,2022-11-02 10:00,17.4935,29.3442,12.15
40,2022-11-02 11:00,15.073,35.6872,13.46
41,2022-11-02 12:00,14.1898,34.768,15.7
42,2022-11-02 13:00,13.6722,34.7157,17.52
43,2022-11-02 14:00,13.1554,33.4034,18.71
44,2022-11-02 15:00,23.5987,28.0707,20.36
45,2022-11-02 16:00,21.4877,28.3551,19.96
46,2022-11-02 17:00,20.2674,29.0165,19.93
47,2022-11-02 18:00,21.6543,27.663,20.43
48,2022-11-02 19:00,20.6185,26.3399,20.52
49,2022-11-02 20:00,19.6085,25.0496,20.83
50,2022-11-03 05:00,22.7808,22.9324,21.14
51,2022-11-03 06:00,22.2034,22.3512,20.4
52,2022-11-03 07:00,21.6135,21.7573,20.04
53,2022-11-03 08:00,21.0122,21.152,19.48
54,2022-11-03 09:00,19.5481,22.4653,17.69
55,2022-11-03 10:00,16.1541,30.9666,15.29
56,2022-11-03 11:00,14.9556,28.6692,14.53
57,2022-11-03 12:00,14.1993,27.2194,13.67
58,2022-11-03 13:00,13.8559,27.8898,12.81
59,2022-11-03 14:00,13.6605,27.4964,14.59
60,2022-11-03 15:00,13.4561,27.0849,16.01
61,2022-11-03 16:00,13.2427,26.6554,17.14
62,2022-11-03 17:00,17.192,24.9508,18.67
63,2022-11-03 18:00,16.6197,24.1202,19.12
64,2022-11-03 19:00,21.8327,22.1364,19.56
65,2022-11-03 20:00,19.735,21.6108,19.59
66,2022-11-04 05:00,24.1865,18.4322,19.89
67,2022-11-04 06:00,22.0874,16.8325,20.83
68,2022-11-04 07:00,22.5895,16.0809,21.77
69,2022-11-04 08:00,21.8879,17.1344,22.48
70,2022-11-04 09:00,20.8422,17.9083,21.1
71,2022-11-04 10:00,15.5191,36.3204,19.4
72,2022-11-04 11:00,14.0681,32.9245,20.02
73,2022-11-04 12:00,12.7037,32.7621,20.48
74,2022-11-04 13:00,11.6399,30.0187,21.23
75,2022-11-04 14:00,11.0709,29.7764,21.98
76,2022-11-04 15:00,10.6493,28.6425,22.85
77,2022-11-04 16:00,14.9901,26.6397,24.81
78,2022-11-04 17:00,14.9285,24.3098,25.49
79,2022-11-04 18:00,14.3493,23.3666,27.15
80,2022-11-04 19:00,13.7737,22.4294,28.53
81,2022-11-04 20:00,13.2034,22.8809,29.28
82,2022-11-07 05:00,20.3101,21.0075,30.23
83,2022-11-07 06:00,19.4525,20.1204,29.15
84,2022-11-07 07:00,18.6064,19.2452,28.4
85,2022-11-07 08:00,17.0126,24.735,27.98
86,2022-11-07 09:00,19.9158,21.4818,26.43
87,2022-11-07 10:00,15.8208,31.9148,23.84
88,2022-11-07 11:00,14.0878,28.4188,23.09
89,2022-11-07 12:00,13.6062,28.5868,22.35
90,2022-11-07 13:00,14.1393,27.2494,21.61
91,2022-11-07 14:00,16.0519,26.2572,20.61
92,2022-11-07 15:00,22.0578,24.239,20.33
93,2022-11-07 16:00,21.7748,23.9281,18.96
94,2022-11-07 17:00,20.1081,28.4751,17.59
95,2022-11-07 18:00,19.3122,27.3479,17.11
96,2022-11-07 19:00,17.795,29.1274,16.42
97,2022-11-07 20:00,20.0465,26.5108,18.03
98,2022-11-08 05:00,18.0507,30.0938,18.9
99,2022-11-08 06:00,22.2203,28.5626,20.57
100,2022-11-08 07:00,20.796,29.2958,20.14
101,2022-11-08 08:00,19.9688,28.1306,21.08
102,2022-11-08 09:00,18.6756,28.7791,19.88
103,2022-11-08 10:00,17.9033,27.5889,19.0
104,2022-11-08 11:00,17.1399,27.8339,17.98
105,2022-11-08 12:00,26.1181,23.5149,17.42
106,2022-11-08 13:00,24.1041,21.7016,16.07
107,2022-11-08 14:00,21.4342,25.4515,16.11
108,2022-11-08 15:00,20.6145,24.4782,16.38
109,2022-11-08 16:00,28.6441,21.2668,15.76
110,2022-11-08 17:00,32.675,16.7491,15.59
111,2022-11-08 18:00,31.3106,16.0497,16.17
112,2022-11-08 19:00,29.3321,19.2482,17.48
113,2022-11-08 20:00,27.758,18.2152,17.17
114,2022-11-09 05:00,29.0264,16.3279,17.76
115,2022-11-09 06:00,26.6477,14.9899,18.55
116,2022-11-09 07:00,26.0724,14.6663,19.34
117,2022-11-09 08:00,24.6404,18.2548,19.82
118,2022-11-09 09:00,22.7559,16.8587,19.36
119,2022-11-09 10:00,20.687,21.7437,18.72
120,2022-11-09 11:00,19.5604,22.7379,18.53
121,2022-11-09 12:00,18.0782,27.5085,18.69
122,2022-11-09 13:00,16.8947,31.1738,19.55
123,2022-11-09 14:00,16.1363,32.0189,21.06
124,2022-11-09 15:00,15.3923,32.8481,22.36
125,2022-11-09 16:00,15.8768,31.3534,22.65
126,2022-11-09 17:00,16.5205,30.1973,22.69
127,2022-11-09 18:00,16.0944,29.4185,23.3
128,2022-11-09 19:00,15.2475,27.8703,23.9
129,2022-11-09 20:00,14.4297,26.3756,23.99
130,2022-11-10 05:00,17.2658,24.2726,24.09
131,2022-11-10 06:00,16.7853,23.5972,23.29
132,2022-11-10 07:00,17.7517,22.9107,23.43
133,2022-11-10 08:00,16.4622,28.5104,23.28
134,2022-11-10 09:00,23.3888,24.3242,25.01
135,2022-11-10 10:00,21.8928,21.5625,24.61
136,2022-11-10 11:00,27.9996,18.2981,23.19
137,2022-11-10 12:00,25.4466,17.7694,22.57
138,2022-11-10 13:00,23.7011,16.5505,21.48
139,2022-11-10 14:00,22.0707,21.1445,20.16
140,2022-11-10 15:00,21.2824,20.3893,17.98
141,2022-11-10 16:00,25.715,18.9328,16.04
142,2022-11-10 17:00,23.878,17.5803,15.03
143,2022-11-10 18:00,22.9936,16.9292,14.03
144,2022-11-10 19:00,22.6919,16.707,13.02
145,2022-11-10 20:00,22.3757,16.4742,12.9
146,2022-11-11 05:00,28.7875,15.1134,12.78
147,2022-11-11 06:00,27.5616,14.4698,14.1
148,2022-11-11 07:00,25.6046,16.2826,14.41
149,2022-11-11 08:00,22.8135,21.3207,15.86
150,2022-11-11 09:00,21.5486,20.1386,16.05
151,2022-11-11 10:00,18.5094,22.427,14.79
152,2022-11-11 11:00,21.1168,19.706,14.21
153,2022-11-11 12:00,19.8438,18.518,13.18
154,2022-11-11 13:00,26.6629,16.1666,13.28
155,2022-11-11 14:00,32.5604,14.379,14.88
156,2022-11-11 15:00,31.9258,12.9177,16.56
157,2022-11-11 16:00,28.9266,14.8356,18.5
158,2022-11-11 17:00,27.6819,14.1973,19.71
159,2022-11-11 18:00,27.3649,14.0347,20.93
160,2022-11-11 19:00,27.0315,13.8637,22.14
161,2022-11-11 20:00,28.1768,13.1724,22.22
162,2022-11-14 05:00,31.5055,11.8949,22.59
163,2022-11-14 06:00,30.3181,11.4466,24.22
164,2022-11-14 07:00,33.8747,10.4563,27.21
165,2022-11-14 08:00,34.6403,9.5651,30.74
166,2022-11-14 09:00,37.5003,7.5116,34.11
167,2022-11-14 10:00,29.3607,11.2207,38.62
168,2022-11-14 11:00,25.7493,18.0405,41.57
169,2022-11-14 12:00,24.9774,18.7845,41.08
170,2022-11-14 13:00,24.3047,18.2787,39.32
171,2022-11-14 14:00,24.072,18.1037,37.3
172,2022-11-14 15:00,25.3501,17.5605,36.01
173,2022-11-14 16:00,23.8113,20.5413,35.01
174,2022-11-14 17:00,23.0576,19.8912,33.24
175,2022-11-14 18:00,22.5453,19.4492,31.46
176,2022-11-14 19:00,23.7992,18.5609,29.4
177,2022-11-14 20:00,23.2279,18.1154,27.05
178,2022-11-15 05:00,27.8878,17.0159,24.71
179,2022-11-15 06:00,27.1772,16.5823,22.67
180,2022-11-15 07:00,27.7868,16.1394,20.34
181,2022-11-15 08:00,25.5796,21.4768,17.48
182,2022-11-15 09:00,25.5203,19.278,14.91
183,2022-11-15 10:00,24.2273,17.3636,14.65
184,2022-11-15 11:00,22.9975,16.4822,14.81
185,2022-11-15 12:00,22.0947,15.8352,14.98
186,2022-11-15 13:00,24.29,14.5969,15.15
187,2022-11-15 14:00,22.6971,14.9512,15.63
188,2022-11-15 15:00,21.4833,18.1624,16.58
189,2022-11-15 16:00,20.882,17.6541,16.65
190,2022-11-15 17:00,22.2217,16.417,16.72
191,2022-11-15 18:00,21.5706,15.9359,16.91
192,2022-11-15 19:00,20.9107,16.9779,17.1
193,2022-11-15 20:00,21.4957,16.1785,16.11
194,2022-11-16 05:00,22.9378,14.9177,15.39
195,2022-11-16 06:00,21.8381,14.2025,15.01
196,2022-11-16 07:00,20.1078,17.8311,15.9
197,2022-11-16 08:00,19.1286,16.9627,15.33
198,2022-11-16 09:00,19.5123,15.854,14.58
199,2022-11-16 10:00,16.3479,26.5517,14.14
200,2022-11-16 11:00,14.7127,29.6116,14.66
201,2022-11-16 12:00,13.8596,27.8946,15.28
202,2022-11-16 13:00,18.6484,25.8749,16.22
203,2022-11-16 14:00,18.0844,25.0923,16.78
204,2022-11-16 15:00,17.5139,25.878,17.34
205,2022-11-16 16:00,16.3997,29.0032,17.64
206,2022-11-16 17:00,26.0213,23.7211,18.55
207,2022-11-16 18:00,25.2591,23.0263,18.14
208,2022-11-16 19:00,25.6239,21.9861,17.46
209,2022-11-16 20:00,24.8189,21.2954,16.5
210,2022-11-17 05:00,29.5836,19.9457,15.53
211,2022-11-17 06:00,28.143,23.8441,16.49
212,2022-11-17 07:00,27.1923,23.0386,16.65
213,2022-11-17 08:00,25.3481,26.5628,16.5
214,2022-11-17 09:00,22.1172,27.9568,14.97
215,2022-11-17 10:00,20.3697,28.9084,13.4
216,2022-11-17 11:00,19.4116,27.5488,12.24
217,2022-11-17 12:00,18.7565,26.619,12.32
218,2022-11-17 13:00,19.8382,25.6899,12.4
219,2022-11-17 14:00,22.3674,24.3122,11.94
220,2022-11-17 15:00,21.9449,23.853,10.25
221,2022-11-17 16:00,24.0557,22.0584,10.22
222,2022-11-17 17:00,22.6776,20.7947,10.2
223,2022-11-17 18:00,21.3598,21.5233,9.96
224,2022-11-17 19:00,20.5044,20.6613,9.44
225,2022-11-17 20:00,19.6566,19.807,8.08
226,2022-11-18 05:00,17.6877,21.8297,7.52
227,2022-11-18 06:00,21.0924,20.9267,7.68
228,2022-11-18 07:00,18.9789,24.8421,7.54
229,2022-11-18 08:00,20.2625,23.8142,7.66
230,2022-11-18 09:00,21.0814,22.3221,7.0
231,2022-11-18 10:00,17.8666,24.6366,5.96
232,2022-11-18 11:00,17.162,23.665,5.86
233,2022-11-18 12:00,20.1269,22.2477,6.08
234,2022-11-18 13:00,18.5331,24.4453,6.14
235,2022-11-18 14:00,18.1462,23.935,6.83
236,2022-11-18 15:00,19.5168,22.9052,7.5
237,2022-11-18 16:00,20.4147,21.4167,7.76
238,2022-11-18 17:00,21.2597,20.0158,7.91
239,2022-11-18 18:00,20.7719,19.5567,8.09
240,2022-11-18 19:00,20.2711,19.0851,8.28
241,2022-11-18 20:00,19.2704,20.6113,7.75
242,2022-11-21 05:00,20.309,19.089,7.96
243,2022-11-21 06:00,19.2864,20.6455,7.23
244,2022-11-21 07:00,17.8356,21.6,6.89
245,2022-11-21 08:00,20.4722,19.0305,7.37
246,2022-11-21 09:00,18.1474,16.8695,6.49
247,2022-11-21 10:00,15.1776,18.2,5.62
248,2022-11-21 11:00,12.9035,22.9646,5.91
249,2022-11-21 12:00,12.1673,23.5562,6.93
250,2022-11-21 13:00,11.463,26.0518,8.22
251,2022-11-21 14:00,14.4204,24.0525,10.43
252,2022-11-21 15:00,14.1285,23.5656,12.05
253,2022-11-21 16:00,12.9953,25.6859,13.62
254,2022-11-21 17:00,12.2046,24.1231,15.75
255,2022-11-21 18:00,11.6938,23.1135,17.88
256,2022-11-21 19:00,11.4361,22.6041,19.98
257,2022-11-21 20:00,11.1709,22.08,22.1
258,2022-11-22 05:00,13.0177,21.0299,24.2
259,2022-11-22 06:00,12.6926,20.5047,25.2
260,2022-11-22 07:00,12.0448,22.0101,26.62
261,2022-11-22 08:00,10.5897,29.0157,28.45
262,2022-11-22 09:00,13.3603,24.5451,31.13
263,2022-11-22 10:00,11.6967,21.4888,31.23
264,2022-11-22 11:00,10.7369,19.7254,31.06
265,2022-11-22 12:00,10.5048,19.2991,30.39
266,2022-11-22 13:00,9.8191,22.391,30.71
267,2022-11-22 14:00,9.1742,20.9204,31.71
268,2022-11-22 15:00,8.9629,20.4385,32.16
269,2022-11-22 16:00,8.7459,19.9438,32.6
270,2022-11-22 17:00,7.563,26.2632,33.04
271,2022-11-22 18:00,7.3837,25.6407,34.65
272,2022-11-22 19:00,7.0251,26.8238,36.25
273,2022-11-22 20:00,6.6759,25.4905,38.75
274,2022-11-23 05:00,10.8655,23.0255,41.25
275,2022-11-23 06:00,10.3278,21.8859,41.72
276,2022-11-23 07:00,10.0597,21.3178,40.96
277,2022-11-23 08:00,9.527,22.8365,41.42
278,2022-11-23 09:00,11.4028,21.0371,42.25
279,2022-11-23 10:00,8.8886,34.0378,42.26
280,2022-11-23 11:00,7.9453,36.7931,44.34
281,2022-11-23 12:00,6.4671,35.5292,46.16
282,2022-11-23 13:00,5.5737,30.621,48.31
283,2022-11-23 14:00,5.2792,29.0029,50.47
284,2022-11-23 15:00,4.9068,28.7206,52.62
285,2022-11-23 16:00,12.7111,25.3511,53.73
286,2022-11-23 17:00,11.6589,23.2527,52.15
287,2022-11-23 18:00,12.7593,22.0722,50.35
288,2022-11-23 19:00,11.8924,22.2711,48.08
289,2022-11-23 20:00,11.2737,21.1124,47.69
290,2022-11-25 05:00,15.7033,19.6449,47.29
291,2022-11-25 06:00,15.4148,19.284,45.53
292,2022-11-25 07:00,14.8281,20.4531,43.39
293,2022-11-25 08:00,15.9,19.2684,42.4
294,2022-11-25 09:00,14.6791,19.7085,38.9
295,2022-11-25 10:00,13.304,23.483,35.34
296,2022-11-25 11:00,12.5446,22.1427,32.38
297,2022-11-25 12:00,12.2927,21.6981,29.41
298,2022-11-25 13:00,12.0326,21.2389,26.44
299,2022-11-25 14:00,12.0326,21.2389,23.36
300,2022-11-25 16:00,12.0326,21.2389,22.96
301,2022-11-25 17:00,14.298,20.6919,22.57
302,2022-11-28 05:00,11.9735,33.5856,21.96
303,2022-11-28 06:00,11.6813,32.7661,23.18
304,2022-11-28 07:00,11.3822,31.9271,24.4
305,2022-11-28 08:00,22.1201,28.0585,26.99
306,2022-11-28 09:00,19.5668,27.1283,27.04
307,2022-11-28 10:00,16.6663,35.8127,27.06
308,2022-11-28 11:00,15.5991,33.5195,28.98
309,2022-11-28 12:00,14.5928,33.5074,30.54
310,2022-11-28 13:00,13.9468,34.2375,31.38
311,2022-11-28 14:00,13.0161,36.4016,32.41
312,2022-11-28 15:00,16.2501,33.2185,33.81
313,2022-11-28 16:00,15.8763,32.4545,34.28
314,2022-11-28 17:00,15.4926,31.67,34.76
315,2022-11-28 18:00,15.0995,30.8665,35.23
316,2022-11-28 19:00,16.9078,29.2672,36.38
317,2022-11-28 20:00,16.4489,28.4728,34.9
318,2022-11-29 05:00,22.0023,24.8421,33.42
319,2022-11-29 06:00,20.8567,23.5486,30.47
320,2022-11-29 07:00,19.7492,24.9531,30.06
321,2022-11-29 08:00,18.681,23.6034,29.73
322,2022-11-29 09:00,17.1112,24.2877,27.96
323,2022-11-29 10:00,14.2462,29.7887,26.59
324,2022-11-29 11:00,13.8885,29.0407,26.3
325,2022-11-29 12:00,12.5327,33.527,25.81
326,2022-11-29 13:00,12.2118,32.6685,25.69
327,2022-11-29 14:00,11.8841,31.7917,26.5
328,2022-11-29 15:00,11.5502,30.8987,27.3
329,2022-11-29 16:00,10.8913,31.9884,28.11
330,2022-11-29 17:00,9.6994,33.9594,29.17
331,2022-11-29 18:00,8.9117,31.2016,31.23
332,2022-11-29 19:00,8.6593,30.3178,33.29
333,2022-11-29 20:00,8.403,29.4203,36.82
334,2022-11-30 05:00,18.7622,26.093,40.36
335,2022-11-30 06:00,17.6852,24.5952,40.69
336,2022-11-30 07:00,16.1845,28.1653,41.03
337,2022-11-30 08:00,15.2551,26.5479,41.72
338,2022-11-30 09:00,17.1414,24.1916,41.13
339,2022-11-30 10:00,12.7358,39.1665,39.83
340,2022-11-30 11:00,11.5369,35.4796,40.21
341,2022-11-30 12:00,10.5067,33.627,40.59
342,2022-11-30 13:00,10.2751,34.2491,41.08
343,2022-11-30 14:00,9.3467,38.0535,41.67
344,2022-11-30 15:00,9.1472,39.3523,42.48
345,2022-11-30 16:00,24.1028,32.0632,42.96
346,2022-11-30 17:00,23.1937,28.2555,40.0
347,2022-11-30 18:00,23.1013,28.1431,36.73
348,2022-11-30 19:00,34.496,23.84,33.47
349,2022-11-30 20:00,32.4898,22.4535,33.6
350,2022-12-01 05:00,29.5194,25.7497,33.74
351,2022-12-01 06:00,29.0856,25.3714,32.3
352,2022-12-01 07:00,30.6629,24.619,30.86
353,2022-12-01 08:00,28.8219,28.2719,30.42
354,2022-12-01 09:00,27.0366,26.6497,26.85
355,2022-12-01 10:00,34.2669,22.3091,23.27
356,2022-12-01 11:00,38.0547,18.142,21.03
357,2022-12-01 12:00,32.7062,14.8772,19.72
358,2022-12-01 13:00,30.7216,13.9745,18.07
359,2022-12-01 14:00,27.5689,21.3366,16.3
360,2022-12-01 15:00,25.5518,19.7755,16.19
361,2022-12-01 16:00,24.6619,21.0488,16.4
362,2022-12-01 17:00,23.5141,21.1624,16.26
363,2022-12-01 18:00,23.152,20.8365,15.33
364,2022-12-01 19:00,23.834,20.2199,14.41
365,2022-12-01 20:00,23.8553,19.8499,14.5
366,2022-12-02 05:00,27.2042,18.1413,14.67
367,2022-12-02 06:00,25.7085,17.1439,15.32
368,2022-12-02 07:00,24.7323,16.4929,16.68
369,2022-12-02 08:00,23.5295,16.6635,18.05
370,2022-12-02 09:00,21.2986,19.8243,17.76
371,2022-12-02 10:00,19.8968,18.5195,15.49
372,2022-12-02 11:00,19.1115,17.7886,13.07
373,2022-12-02 12:00,18.3323,17.0633,10.65
374,2022-12-02 13:00,17.5982,16.38,9.99
375,2022-12-02 14:00,16.9965,15.8199,9.34
376,2022-12-02 15:00,16.2302,16.0986,9.03
377,2022-12-02 16:00,15.1285,17.2685,8.69
378,2022-12-02 17:00,14.8038,16.8979,8.78
379,2022-12-02 18:00,14.0806,18.7592,8.67
380,2022-12-02 19:00,16.2785,18.2737,9.03
381,2022-12-02 20:00,15.034,21.9481,8.01
382,2022-12-05 05:00,18.9618,20.2784,7.92
383,2022-12-05 06:00,17.9798,19.2283,6.73
384,2022-12-05 07:00,19.6712,18.2126,5.75
385,2022-12-05 08:00,17.2219,20.9253,5.77
386,2022-12-05 09:00,15.9395,19.3672,6.21
387,2022-12-05 10:00,12.8541,28.5087,6.65
388,2022-12-05 11:00,12.0959,26.8272,9.1
389,2022-12-05 12:00,11.3685,26.8722,11.54
390,2022-12-05 13:00,10.6318,25.6875,14.18
391,2022-12-05 14:00,10.3988,24.6246,17.11
392,2022-12-05 15:00,10.0264,25.4138,19.54
393,2022-12-05 16:00,8.9992,29.7323,22.17
394,2022-12-05 17:00,8.5976,28.4054,24.98
395,2022-12-05 18:00,8.3645,27.6353,28.39
396,2022-12-05 19:00,12.2791,25.2727,30.88
397,2022-12-05 20:00,11.8993,24.491,33.11
398,2022-12-06 05:00,15.9558,22.4513,35.34
399,2022-12-06 06:00,15.6121,21.9677,36.27
400,2022-12-06 07:00,15.2496,21.4576,36.79
401,2022-12-06 08:00,14.808,22.2696,37.3
402,2022-12-06 09:00,14.0008,22.5748,36.04
403,2022-12-06 10:00,12.1058,30.2809,35.01
404,2022-12-06 11:00,11.6032,29.3674,35.18
405,2022-12-06 12:00,11.2967,28.5916,35.31
406,2022-12-06 13:00,10.3437,33.1356,35.51
407,2022-12-06 14:00,9.7267,33.0774,36.15
408,2022-12-06 15:00,9.3932,31.9432,36.22
409,2022-12-06 16:00,9.1118,30.9861,36.3
410,2022-12-06 17:00,10.9813,29.4179,36.37
411,2022-12-06 18:00,10.8683,29.1151,37.16
412,2022-12-06 19:00,10.3728,31.4352,37.95
413,2022-12-06 20:00,10.2719,31.1295,40.34
414,2022-12-07 05:00,12.9264,29.9985,42.73
415,2022-12-07 06:00,12.4397,32.6343,44.36
416,2022-12-07 07:00,14.9617,30.0111,46.12
417,2022-12-07 08:00,14.0702,30.0692,46.84
418,2022-12-07 09:00,13.1881,28.3959,46.36
419,2022-12-07 10:00,25.5585,23.0879,45.88
420,2022-12-07 11:00,23.2381,20.9918,43.15
421,2022-12-07 12:00,19.7604,29.49,39.76
422,2022-12-07 13:00,18.2505,27.2367,37.28
423,2022-12-07 14:00,15.4914,33.702,34.79
424,2022-12-07 15:00,14.1547,36.4471,33.54
425,2022-12-07 16:00,13.0123,33.5055,33.43
426,2022-12-07 17:00,12.2726,31.6009,33.31
427,2022-12-07 18:00,15.6544,29.3063,32.86
428,2022-12-07 19:00,15.9489,26.7263,31.43
429,2022-12-07 20:00,17.5049,24.4825,30.4
430,2022-12-08 05:00,18.2349,21.6478,28.38
431,2022-12-08 06:00,17.7398,21.0601,26.6
432,2022-12-08 07:00,17.7553,20.859,24.63
433,2022-12-08 08:00,19.628,20.0603,22.59
434,2022-12-08 09:00,18.081,20.695,22.3
435,2022-12-08 10:00,22.3751,17.1859,22.42
436,2022-12-08 11:00,20.4945,15.7415,21.95
437,2022-12-08 12:00,22.4105,14.5635,21.47
438,2022-12-08 13:00,21.2698,13.8222,20.35
439,2022-12-08 14:00,20.2291,13.1459,18.71
440,2022-12-08 15:00,19.035,13.8456,17.08
441,2022-12-08 16:00,17.4744,20.0048,15.06
442,2022-12-08 17:00,16.6578,19.07,13.38
443,2022-12-08 18:00,16.1736,18.4799,12.06
444,2022-12-08 19:00,15.6826,17.9189,11.34
445,2022-12-08 20:00,15.2878,17.4287,11.21
446,2022-12-09 05:00,18.8333,16.351,11.07
447,2022-12-09 06:00,18.2297,15.827,10.99
448,2022-12-09 07:00,17.3612,16.8826,11.42
449,2022-12-09 08:00,20.1322,15.3558,11.04
450,2022-12-09 09:00,17.4179,18.3414,11.06
451,2022-12-09 10:00,14.6299,27.2961,10.31
452,2022-12-09 11:00,13.4385,28.0894,10.95
453,2022-12-09 12:00,14.7181,26.8676,11.96
454,2022-12-09 13:00,16.0691,25.1589,12.53
455,2022-12-09 14:00,15.1058,27.1396,12.98
456,2022-12-09 15:00,14.4258,25.9179,14.53
457,2022-12-09 16:00,13.4041,26.8566,16.08
458,2022-12-09 17:00,12.993,26.2034,17.99
459,2022-12-09 18:00,12.7268,25.6665,19.92
460,2022-12-09 19:00,14.4044,24.9518,21.86
461,2022-12-09 20:00,14.0071,24.2636,23.27
462,2022-12-12 05:00,31.8574,18.585,24.68
463,2022-12-12 06:00,27.112,15.8166,26.46
464,2022-12-12 07:00,24.7316,14.4279,27.38
465,2022-12-12 08:00,21.5289,21.4214,29.08
466,2022-12-12 09:00,19.3557,20.7732,26.94
467,2022-12-12 10:00,17.4579,19.2524,24.67
468,2022-12-12 11:00,19.4534,16.6961,22.93
469,2022-12-12 12:00,32.3825,13.5406,21.9
470,2022-12-12 13:00,29.8332,12.4746,22.8
471,2022-12-12 14:00,27.1527,16.7161,23.69
472,2022-12-12 15:00,25.2235,19.1117,23.01
473,2022-12-12 16:00,28.1762,17.9184,21.58
474,2022-12-12 17:00,26.9349,17.9803,20.77
475,2022-12-12 18:00,26.0454,17.3866,20.28
476,2022-12-12 19:00,25.4442,16.9852,19.79
477,2022-12-12 20:00,25.0108,16.6959,19.33
478,2022-12-13 05:00,29.0882,15.524,18.87
479,2022-12-13 06:00,28.2754,15.0902,19.17
480,2022-12-13 07:00,27.9099,14.8951,21.32
481,2022-12-13 08:00,29.2863,14.4917,23.24
482,2022-12-13 09:00,32.6404,13.2574,25.31
483,2022-12-13 10:00,31.7707,11.8192,27.78
484,2022-12-13 11:00,29.7531,13.7901,28.12
485,2022-12-13 12:00,28.8976,13.3936,27.8
486,2022-12-13 13:00,27.8207,15.4284,28.72
487,2022-12-13 14:00,28.0123,14.6077,29.78
488,2022-12-13 15:00,30.1564,14.0071,30.44
489,2022-12-13 16:00,29.1227,13.527,31.63
490,2022-12-13 17:00,28.1337,16.294,32.82
491,2022-12-13 18:00,27.3436,15.8364,33.3
492,2022-12-13 19:00,26.5409,15.3715,33.78
493,2022-12-13 20:00,26.1331,15.1353,33.51
494,2022-12-14 05:00,28.7999,14.3498,33.24
495,2022-12-14 06:00,26.5351,17.2132,33.46
496,2022-12-14 07:00,24.7876,18.6496,32.57
497,2022-12-14 08:00,25.2058,17.4427,30.56
498,2022-12-14 09:00,23.9537,16.5762,28.59
499,2022-12-14 10:00,25.0427,15.4341,27.27
500,2022-12-14 11:00,23.548,14.5129,26.35
501,2022-12-14 12:00,22.8148,14.061,26.0
502,2022-12-14 13:00,32.2275,12.1749,25.45
503,2022-12-14 14:00,33.3153,11.2485,26.06
504,2022-12-14 15:00,28.7107,17.2465,26.99
505,2022-12-14 16:00,26.1189,15.6896,26.87
506,2022-12-14 17:00,24.5536,14.7493,26.74
507,2022-12-14 18:00,22.2637,15.7511,26.62
508,2022-12-14 19:00,20.4512,14.4688,25.94
509,2022-12-14 20:00,18.8095,13.3074,24.77
510,2022-12-15 05:00,17.5878,15.1494,24.48
511,2022-12-15 06:00,16.9298,14.5827,24.0
512,2022-12-15 07:00,15.9955,15.681,23.23
513,2022-12-15 08:00,15.145,14.8472,22.0
514,2022-12-15 09:00,14.1402,15.2281,20.38
515,2022-12-15 10:00,12.8594,18.2057,18.95
516,2022-12-15 11:00,11.0926,22.4145,18.48
517,2022-12-15 12:00,10.0721,24.2407,17.67
518,2022-12-15 13:00,9.5474,26.451,17.08
519,2022-12-15 14:00,10.8754,25.0277,18.65
520,2022-12-15 15:00,11.0927,23.4329,19.69
521,2022-12-15 16:00,10.6741,22.5487,20.46
522,2022-12-15 17:00,11.7619,21.0756,21.79
523,2022-12-15 18:00,11.3892,20.4078,22.59
524,2022-12-15 19:00,10.9278,20.1949,23.39
525,2022-12-15 20:00,11.9713,19.1164,24.99
526,2022-12-16 05:00,22.6409,15.3286,26.09
527,2022-12-16 06:00,20.2804,13.7304,27.4
528,2022-12-16 07:00,19.374,13.1168,28.7
529,2022-12-16 08:00,23.3825,12.2139,29.82
530,2022-12-16 09:00,21.2121,13.6371,30.83
531,2022-12-16 10:00,19.9055,14.5671,29.97
532,2022-12-16 11:00,16.2001,23.0244,28.12
533,2022-12-16 12:00,15.7323,22.3595,26.01
534,2022-12-16 13:00,14.4452,28.6795,24.44
535,2022-12-16 14:00,14.2483,28.2885,24.24
536,2022-12-16 15:00,13.2739,30.081,24.05
537,2022-12-16 16:00,11.3334,35.0209,24.79
538,2022-12-16 17:00,12.6921,29.2559,26.42
539,2022-12-16 18:00,11.7276,27.0327,27.11
540,2022-12-16 19:00,11.2502,25.9323,28.29
541,2022-12-16 20:00,10.8232,24.948,29.73
542,2022-12-19 05:00,19.4175,21.466,31.18
543,2022-12-19 06:00,18.4787,20.4282,30.16
544,2022-12-19 07:00,16.3616,29.5447,28.28
545,2022-12-19 08:00,20.166,27.1518,28.77
546,2022-12-19 09:00,22.1767,23.1762,28.72
547,2022-12-19 10:00,19.5717,23.0484,27.64
548,2022-12-19 11:00,18.6255,21.9341,26.98
549,2022-12-19 12:00,16.4198,30.8116,25.2
550,2022-12-19 13:00,15.0305,28.2045,25.02
551,2022-12-19 14:00,15.6578,26.8566,24.43
552,2022-12-19 15:00,15.0234,25.8404,22.66
553,2022-12-19 16:00,14.2858,27.7876,21.73
554,2022-12-19 17:00,13.5684,26.3921,21.2
555,2022-12-19 18:00,13.0091,25.3042,20.67
556,2022-12-19 19:00,13.9341,23.9659,20.15
557,2022-12-19 20:00,16.377,22.2547,21.68
558,2022-12-20 05:00,17.4149,21.3956,22.41
559,2022-12-20 06:00,16.9307,21.4026,21.09
560,2022-12-20 07:00,16.5028,23.3592,20.87
561,2022-12-20 08:00,17.3133,22.4358,21.94
562,2022-12-20 09:00,15.5001,27.3781,22.28
563,2022-12-20 10:00,14.0187,26.5151,23.67
564,2022-12-20 11:00,21.2606,23.6162,23.7
565,2022-12-20 12:00,20.2343,24.6312,21.9
566,2022-12-20 13:00,19.2174,23.8342,20.72
567,2022-12-20 14:00,18.6335,23.1101,19.59
568,2022-12-20 15:00,17.2167,24.376,18.06
569,2022-12-20 16:00,16.4074,23.2614,17.0
570,2022-12-20 17:00,15.6168,22.1406,15.94
571,2022-12-20 18:00,15.0946,21.4002,15.29
572,2022-12-20 19:00,14.6463,20.7647,15.43
573,2022-12-20 20:00,16.1036,20.2318,15.94
574,2022-12-21 05:00,20.4965,18.8269,15.91
575,2022-12-21 06:00,21.2157,17.7721,14.99
576,2022-12-21 07:00,24.7504,16.1423,14.7
577,2022-12-21 08:00,23.5813,16.542,14.22
578,2022-12-21 09:00,21.6739,17.2818,13.28
579,2022-12-21 10:00,19.8932,19.0162,13.71
580,2022-12-21 11:00,24.391,16.7124,13.17
581,2022-12-21 12:00,23.4193,16.0466,13.74
582,2022-12-21 13:00,22.3728,18.2838,14.3
583,2022-12-21 14:00,22.1091,18.4612,13.79
584,2022-12-21 15:00,20.5926,23.502,13.2
585,2022-12-21 16:00,19.7219,22.5083,12.44
586,2022-12-21 17:00,17.1013,26.7688,11.67
587,2022-12-21 18:00,16.799,26.2958,12.01
588,2022-12-21 19:00,18.4243,25.2056,12.78
589,2022-12-21 20:00,17.6519,24.1489,13.58
590,2022-12-22 05:00,25.1188,20.7958,14.06
591,2022-12-22 06:00,22.9921,18.7168,13.23
592,2022-12-22 07:00,20.2279,20.1097,12.71
593,2022-12-22 08:00,18.4211,18.3134,11.93
594,2022-12-22 09:00,79.5748,4.0168,11.79
595,2022-12-22 10:00,57.5907,2.9071,16.91
596,2022-12-22 11:00,52.906,2.6706,22.03
597,2022-12-22 12:00,46.1187,9.6589,27.77
598,2022-12-22 13:00,41.6025,8.7131,31.8
599,2022-12-22 14:00,40.2462,8.2391,35.99
600,2022-12-22 15:00,40.4785,7.7832,40.24
601,2022-12-22 16:00,40.566,7.2103,43.5
602,2022-12-22 17:00,39.269,6.9798,46.92
603,2022-12-22 18:00,39.0334,6.7028,50.79
604,2022-12-22 19:00,41.646,6.3415,54.73
605,2022-12-22 20:00,41.0502,6.2508,59.31
